campaign,negative_keyword,match_type
Zush Mac Search 2026Q2,windows,Phrase
Zush Mac Search 2026Q2,linux,Phrase
Zush Mac Search 2026Q2,android,Phrase
Zush Mac Search 2026Q2,iphone,Phrase
Zush Mac Search 2026Q2,ios,Phrase
Zush Mac Search 2026Q2,online,Phrase
Zush Mac Search 2026Q2,free online,Phrase
Zush Mac Search 2026Q2,mp3,Phrase
Zush Mac Search 2026Q2,music,Phrase
Zush Mac Search 2026Q2,movie,Phrase
Zush Mac Search 2026Q2,tv show,Phrase
Zush Mac Search 2026Q2,subtitle,Phrase
Zush Mac Search 2026Q2,powershell,Phrase
Zush Mac Search 2026Q2,bash,Phrase
Zush Mac Search 2026Q2,terminal,Phrase
Zush Mac Search 2026Q2,python,Phrase
Zush Mac Search 2026Q2,regex,Phrase
Zush Mac Search 2026Q2,automator,Phrase
Zush Mac Search 2026Q2,finder only,Phrase
Zush Mac Search 2026Q2,open source,Phrase
Zush Mac Search 2026Q2,crack,Phrase
Zush Mac Search 2026Q2,serial key,Phrase
Zush Mac Search 2026Q2,pirated,Phrase
