campaign,ad_group,negative_keyword,match_type
Zush Mac Search 2026Q2,Core AI File Renamer,powerrename,Phrase
Zush Mac Search 2026Q2,Core AI File Renamer,power rename,Phrase
Zush Mac Search 2026Q2,Core AI File Renamer,advanced renamer,Phrase
Zush Mac Search 2026Q2,Core AI File Renamer,better rename,Phrase
Zush Mac Search 2026Q2,Core AI File Renamer,better finder rename,Phrase
Zush Mac Search 2026Q2,Core AI File Renamer,a better finder rename,Phrase
Zush Mac Search 2026Q2,Core AI File Renamer,ant renamer,Phrase
Zush Mac Search 2026Q2,Core AI File Renamer,renamerx,Phrase
Zush Mac Search 2026Q2,Core AI File Renamer,sherrod computers,Phrase
Zush Mac Search 2026Q2,Core AI File Renamer,namequick,Phrase
Zush Mac Search 2026Q2,Core AI File Renamer,renameclick,Phrase
